t	p
0	1.8432e-08
2.032	1.8313e-08
4.032	1.8144e-08
6.032	1.8159e-08
8.032	1.8126e-08
10.032	1.8008e-08
12.032	1.7974e-08
14.032	1.7834e-08
16.032	1.7629e-08
18.032	1.769e-08
20.032	1.7589e-08
22.032	1.7581e-08
24.016	1.7597e-08
26.032	1.742e-08
28.063	1.7436e-08
30.063	1.7282e-08
32.063	1.7332e-08
34.079	1.7279e-08
36.11	1.7166e-08
38.11	1.703e-08
40.11	1.6984e-08
42.125	1.6838e-08
44.141	1.6977e-08
46.141	1.6903e-08
48.141	1.6775e-08
50.141	1.675e-08
52.141	1.6746e-08
54.141	1.6796e-08
56.141	1.6562e-08
58.157	1.642e-08
60.172	1.6423e-08
62.188	1.6373e-08
64.188	1.638e-08
66.188	1.6294e-08
68.188	1.6222e-08
70.204	1.6083e-08
72.219	1.6265e-08
74.25	1.6155e-08
76.266	1.605e-08
78.266	1.5948e-08
80.297	1.5945e-08
82.297	1.5846e-08
84.297	1.5802e-08
86.313	1.5764e-08
88.329	1.5884e-08
90.344	1.5655e-08
92.36	1.5737e-08
94.375	1.5701e-08
96.391	1.5594e-08
98.375	1.5584e-08
100.407	1.5507e-08
102.407	1.555e-08
104.407	1.537e-08
106.407	1.5366e-08
108.407	1.5477e-08
110.438	1.5382e-08
112.469	1.5442e-08
114.469	1.538e-08
116.469	1.5231e-08
118.485	1.5283e-08
120.485	1.5205e-08
122.485	1.5116e-08
124.485	1.518e-08
126.485	1.5169e-08
128.5	1.511e-08
130.516	1.5009e-08
132.516	1.4984e-08
134.516	1.4903e-08
136.516	1.4997e-08
138.532	1.4904e-08
140.532	1.5022e-08
142.547	1.4948e-08
144.563	1.482e-08
146.547	1.479e-08
148.547	1.4749e-08
150.563	1.4743e-08
152.563	1.4779e-08
154.563	1.4747e-08
156.563	1.4727e-08
158.563	1.4653e-08
160.563	1.4681e-08
162.563	1.455e-08
164.563	1.4625e-08
166.579	1.4557e-08
168.594	1.4579e-08
170.594	1.4467e-08
172.61	1.4484e-08
174.61	1.4535e-08
176.625	1.4537e-08
178.625	1.4469e-08
180.641	1.4405e-08
182.641	1.4412e-08
184.641	1.4323e-08
186.641	1.4406e-08
188.641	1.4382e-08
190.641	1.4408e-08
192.641	1.4363e-08
194.641	1.4381e-08
196.641	1.4296e-08
198.657	1.4285e-08
200.688	1.4278e-08
202.704	1.42e-08
204.719	1.4315e-08
206.75	1.4244e-08
208.735	1.412e-08
210.75	1.4152e-08
212.75	1.4142e-08
214.75	1.4183e-08
216.735	1.4083e-08
218.75	1.416e-08
220.75	1.4113e-08
222.75	1.4016e-08
224.75	1.4096e-08
226.766	1.4072e-08
228.766	1.4077e-08
230.782	1.4122e-08
232.797	1.4064e-08
234.829	1.4041e-08
236.829	1.4094e-08
238.829	1.4049e-08
240.829	1.407e-08
242.829	1.4019e-08
244.829	1.3977e-08
246.829	1.3988e-08
248.829	1.3871e-08
250.86	1.3865e-08
252.875	1.3901e-08
254.891	1.3971e-08
256.891	1.3931e-08
258.891	1.3828e-08
260.907	1.3889e-08
262.907	1.3833e-08
264.907	1.3916e-08
266.907	1.3895e-08
268.891	1.3838e-08
270.922	1.374e-08
272.907	1.3912e-08
274.938	1.3781e-08
276.954	1.3812e-08
278.985	1.3635e-08
280.969	1.3772e-08
282.985	1.3791e-08
284.985	1.3688e-08
286.985	1.38e-08
288.985	1.3684e-08
290.969	1.364e-08
292.985	1.3652e-08
294.954	1.3741e-08
296.985	1.3666e-08
298.985	1.3662e-08
300.985	1.3657e-08
302.985	1.3677e-08
305.047	1.3577e-08
307	1.362e-08
309.016	1.356e-08
311.016	1.3561e-08
313.016	1.3588e-08
315.016	1.3583e-08
317.016	1.3598e-08
319.016	1.3569e-08
321.016	1.3584e-08
323.016	1.3425e-08
325.016	1.352e-08
327.016	1.3448e-08
329.016	1.3581e-08
331.016	1.3425e-08
333.016	1.3484e-08
335.032	1.3452e-08
337.032	1.3409e-08
339.047	1.3459e-08
341.063	1.3398e-08
343.063	1.3395e-08
345.063	1.3323e-08
347.063	1.3409e-08
349.063	1.3383e-08
351.063	1.3457e-08
353.047	1.339e-08
355.063	1.3396e-08
357.063	1.3322e-08
359.063	1.3318e-08
361.094	1.3337e-08
363.094	1.3471e-08
365.094	1.3434e-08
367.11	1.3456e-08
369.125	1.3348e-08
371.125	1.3319e-08
373.141	1.3329e-08
375.141	1.3245e-08
377.125	1.3322e-08
379.141	1.3236e-08
381.125	1.3389e-08
383.141	1.3311e-08
385.141	1.3321e-08
387.141	1.3274e-08
389.141	1.3279e-08
391.141	1.3296e-08
393.157	1.3345e-08
395.172	1.328e-08
397.172	1.3272e-08
399.172	1.3266e-08
401.172	1.3191e-08
403.157	1.3271e-08
405.172	1.3207e-08
407.188	1.3318e-08
409.188	1.3256e-08
411.219	1.325e-08
413.219	1.3191e-08
415.219	1.3218e-08
417.219	1.3235e-08
419.235	1.3223e-08
421.235	1.3183e-08
423.235	1.3219e-08
425.235	1.3146e-08
427.25	1.321e-08
429.25	1.3126e-08
431.266	1.315e-08
433.297	1.3244e-08
435.297	1.3188e-08
437.297	1.3163e-08
439.297	1.3129e-08
441.297	1.3201e-08
443.297	1.3038e-08
445.297	1.3125e-08
447.297	1.3211e-08
449.297	1.312e-08
451.297	1.3178e-08
453.36	1.3128e-08
455.329	1.3111e-08
457.313	1.3156e-08
459.329	1.3157e-08
461.329	1.305e-08
463.329	1.3084e-08
465.329	1.3076e-08
467.329	1.3172e-08
469.313	1.3033e-08
471.329	1.3094e-08
473.375	1.3046e-08
475.375	1.3082e-08
477.375	1.3144e-08
479.375	1.3099e-08
481.36	1.3093e-08
483.407	1.3005e-08
485.407	1.2986e-08
487.438	1.299e-08
489.454	1.3033e-08
491.469	1.2975e-08
493.469	1.3014e-08
495.485	1.3026e-08
497.454	1.3007e-08
499.485	1.3063e-08
501.485	1.3015e-08
503.485	1.2937e-08
505.485	1.295e-08
507.485	1.3056e-08
509.5	1.3003e-08
511.532	1.2949e-08
513.563	1.2965e-08
515.563	1.2965e-08
517.563	1.3021e-08
519.547	1.2963e-08
521.563	1.291e-08
523.563	1.2963e-08
525.547	1.2962e-08
527.563	1.2992e-08
529.563	1.2979e-08
531.563	1.2928e-08
533.563	1.2995e-08
535.579	1.2882e-08
537.594	1.2931e-08
539.61	1.2896e-08
541.641	1.2893e-08
543.641	1.2965e-08
545.641	1.2879e-08
547.641	1.2965e-08
549.641	1.2906e-08
551.641	1.2889e-08
553.641	1.2969e-08
555.641	1.2865e-08
557.641	1.291e-08
559.641	1.2972e-08
561.641	1.2858e-08
563.641	1.2883e-08
565.641	1.2894e-08
567.641	1.2917e-08
569.641	1.2896e-08
571.641	1.2867e-08
573.641	1.2859e-08
575.641	1.2851e-08
577.672	1.2857e-08
579.672	1.2902e-08
581.657	1.292e-08
583.672	1.288e-08
585.688	1.2826e-08
587.688	1.2755e-08
589.704	1.2824e-08
591.735	1.2803e-08
593.719	1.2871e-08
595.766	1.2836e-08
597.782	1.2759e-08
599.782	1.2899e-08
601.797	1.285e-08
603.86	1.2822e-08
605.829	1.2821e-08
607.829	1.2865e-08
609.829	1.29e-08
611.829	1.2894e-08
613.829	1.2784e-08
615.86	1.2851e-08
617.86	1.2944e-08
619.86	1.2846e-08
621.86	1.2881e-08
623.875	1.2788e-08
625.875	1.2845e-08
627.891	1.2807e-08
629.907	1.2897e-08
631.907	1.2793e-08
633.907	1.281e-08
635.922	1.2812e-08
637.907	1.2837e-08
639.954	1.2815e-08
641.969	1.2819e-08
643.985	1.284e-08
645.985	1.2823e-08
648.016	1.2862e-08
650.016	1.2835e-08
652.016	1.2823e-08
654.016	1.2765e-08
656.016	1.2799e-08
658.016	1.2814e-08
660.016	1.2748e-08
662.016	1.2791e-08
664.016	1.279e-08
666.016	1.2781e-08
668.016	1.2842e-08
670.016	1.282e-08
672.016	1.2801e-08
674.016	1.2739e-08
676.016	1.2705e-08
678.016	1.2767e-08
680.032	1.2864e-08
682.032	1.2746e-08
684.047	1.2754e-08
686.047	1.2791e-08
688.063	1.2791e-08
690.063	1.2716e-08
692.094	1.2757e-08
694.11	1.2812e-08
696.125	1.2827e-08
698.141	1.2796e-08
700.157	1.2732e-08
702.157	1.2752e-08
704.157	1.2839e-08
706.172	1.2766e-08
708.188	1.2773e-08
710.219	1.2794e-08
712.204	1.2807e-08
714.235	1.2812e-08
716.235	1.2815e-08
718.235	1.2852e-08
720.219	1.2819e-08
722.235	1.275e-08
724.235	1.273e-08
726.235	1.2672e-08
728.25	1.2789e-08
730.25	1.274e-08
732.266	1.2813e-08
734.297	1.2746e-08
736.313	1.2774e-08
738.313	1.2846e-08
740.313	1.2711e-08
742.313	1.2726e-08
744.313	1.2716e-08
746.313	1.2668e-08
748.329	1.283e-08
750.313	1.2711e-08
752.344	1.2756e-08
754.407	1.2791e-08
756.391	1.2849e-08
758.422	1.2765e-08
760.422	1.2774e-08
762.422	1.2746e-08
764.422	1.2757e-08
766.422	1.2743e-08
768.407	1.281e-08
770.422	1.2779e-08
772.422	1.2796e-08
774.454	1.2756e-08
776.469	1.2683e-08
778.485	1.2718e-08
780.5	1.2772e-08
782.516	1.281e-08
784.516	1.271e-08
786.532	1.2789e-08
788.547	1.2766e-08
790.563	1.2701e-08
792.594	1.2782e-08
794.61	1.2723e-08
796.61	1.2689e-08
798.594	1.2764e-08
800.61	1.2725e-08
802.61	1.282e-08
804.61	1.2744e-08
806.61	1.2832e-08
808.61	1.284e-08
810.61	1.2783e-08
812.61	1.2878e-08
814.594	1.2779e-08
816.61	1.282e-08
818.61	1.2745e-08
820.594	1.289e-08
822.61	1.281e-08
824.625	1.2805e-08
826.657	1.2709e-08
828.688	1.2844e-08
830.672	1.2767e-08
832.688	1.2854e-08
834.688	1.2797e-08
836.672	1.2868e-08
838.688	1.2799e-08
840.688	1.2866e-08
842.688	1.2816e-08
844.688	1.2905e-08
846.688	1.2935e-08
848.688	1.2785e-08
850.688	1.2883e-08
852.688	1.2924e-08
854.704	1.2862e-08
856.719	1.2801e-08
858.719	1.2896e-08
860.735	1.2929e-08
862.75	1.2947e-08
864.766	1.2763e-08
866.766	1.2909e-08
868.766	1.2893e-08
870.766	1.294e-08
872.766	1.2843e-08
874.782	1.2856e-08
876.797	1.2919e-08
878.797	1.2834e-08
880.829	1.2795e-08
882.829	1.2896e-08
884.829	1.2755e-08
886.829	1.284e-08
888.844	1.2789e-08
890.86	1.2739e-08
892.875	1.2851e-08
894.875	1.2812e-08
896.907	1.2742e-08
898.922	1.2776e-08
900.938	1.278e-08
902.954	1.2772e-08
904.954	1.2709e-08
906.969	1.2756e-08
908.985	1.2707e-08
910.985	1.2697e-08
912.985	1.2812e-08
915.016	1.2673e-08
917.016	1.2721e-08
919.032	1.2659e-08
921.063	1.2669e-08
923.047	1.2652e-08
925.047	1.269e-08
927.063	1.2672e-08
929.063	1.2496e-08
931.063	1.256e-08
933.047	1.2673e-08
935.094	1.255e-08
937.094	1.2588e-08
939.094	1.2536e-08
941.094	1.2611e-08
943.11	1.245e-08
945.125	1.2563e-08
947.141	1.2425e-08
949.141	1.2537e-08
951.141	1.2558e-08
953.141	1.2337e-08
955.172	1.2459e-08
957.172	1.2381e-08
959.188	1.2391e-08
961.204	1.2301e-08
963.219	1.2386e-08
965.25	1.2288e-08
967.25	1.2377e-08
969.25	1.2292e-08
971.25	1.2262e-08
973.25	1.2223e-08
975.25	1.2235e-08
977.25	1.2284e-08
979.25	1.2179e-08
981.266	1.2246e-08
983.282	1.2185e-08
985.282	1.2133e-08
987.313	1.2187e-08
989.313	1.2154e-08
991.329	1.2114e-08
993.313	1.2096e-08
995.329	1.2108e-08
997.329	1.1946e-08
999.329	1.1978e-08
1001.33	1.2063e-08
1003.33	1.1958e-08
1005.33	1.1977e-08
1007.33	1.2023e-08
1009.31	1.1945e-08
1011.33	1.1982e-08
1013.33	1.1826e-08
1015.33	1.1814e-08
1017.33	1.1788e-08
1019.33	1.1767e-08
1021.33	1.1806e-08
1023.36	1.1742e-08
1025.36	1.173e-08
1027.36	1.1795e-08
1029.39	1.1632e-08
1031.41	1.1784e-08
1033.41	1.1722e-08
1035.42	1.1634e-08
1037.44	1.1693e-08
1039.44	1.1669e-08
1041.45	1.1685e-08
1043.48	1.1656e-08
1045.52	1.1522e-08
1047.52	1.1556e-08
1049.52	1.1568e-08
1051.53	1.148e-08
1053.55	1.1542e-08
1055.55	1.1508e-08
1057.55	1.1518e-08
1059.56	1.1552e-08
1061.58	1.1358e-08
1063.58	1.1356e-08
1065.59	1.1359e-08
1067.59	1.1353e-08
1069.59	1.1332e-08
1071.59	1.1318e-08
1073.62	1.1216e-08
1075.62	1.1208e-08
1077.62	1.1213e-08
1079.64	1.1214e-08
1081.66	1.1265e-08
1083.67	1.1055e-08
1085.67	1.1153e-08
1087.72	1.1186e-08
1089.73	1.1085e-08
1091.73	1.1239e-08
1093.75	1.1009e-08
1095.78	1.1086e-08
1097.81	1.0972e-08
1099.81	1.102e-08
1101.81	1.1019e-08
1103.81	1.1082e-08
1105.84	1.09e-08
1107.88	1.0945e-08
1109.89	1.0831e-08
1111.92	1.0946e-08
1113.92	1.0828e-08
1115.92	1.0828e-08
1117.92	1.0872e-08
1119.94	1.0794e-08
1121.92	1.0812e-08
1123.95	1.086e-08
1125.97	1.0784e-08
1127.98	1.0674e-08
1130	1.0754e-08
1132	1.0702e-08
1134	1.0621e-08
1135.98	1.0637e-08
1138	1.0624e-08
1140.02	1.0451e-08
1142.03	1.0513e-08
1144.03	1.0535e-08
1146.03	1.052e-08
1148.03	1.0546e-08
1150.03	1.0471e-08
1152.05	1.0486e-08
1154.06	1.0498e-08
1156.08	1.0463e-08
1158.11	1.0476e-08
1160.11	1.05e-08
1162.14	1.026e-08
1164.14	1.0379e-08
1166.14	1.036e-08
1168.16	1.0279e-08
1170.17	1.0239e-08
1172.19	1.0332e-08
1174.19	1.0228e-08
1176.22	1.0202e-08
1178.22	1.0209e-08
1180.22	1.019e-08
1182.22	1.0144e-08
1184.23	1.0173e-08
1186.27	1.0136e-08
1188.28	1.0133e-08
1190.27	1.0034e-08
1192.31	1.0068e-08
1194.33	1.0099e-08
1196.33	1.0022e-08
1198.33	1.0034e-08
1200.36	1.0059e-08
1202.36	9.9982e-09
1204.38	9.944e-09
1206.38	9.9798e-09
1208.41	9.8987e-09
1210.41	9.9475e-09
1212.41	9.8287e-09
1214.41	9.8759e-09
1216.41	9.8666e-09
1218.41	9.7881e-09
1220.42	9.7947e-09
1222.42	9.8325e-09
1224.44	9.7256e-09
1226.47	9.7448e-09
1228.5	9.748e-09
1230.53	9.7344e-09
1232.55	9.6419e-09
1234.55	9.5975e-09
1236.58	9.5787e-09
1238.61	9.6944e-09
1240.59	9.6058e-09
1242.62	9.6102e-09
1244.62	9.5531e-09
1246.59	9.5809e-09
1248.62	9.572e-09
1250.64	9.542e-09
1252.66	9.4834e-09
1254.66	9.4616e-09
1256.66	9.4654e-09
1258.66	9.4097e-09
1260.66	9.3731e-09
1262.66	9.3683e-09
1264.69	9.3333e-09
1266.7	9.2738e-09
1268.72	9.3466e-09
1270.73	9.2006e-09
1272.73	9.2913e-09
1274.73	9.289e-09
1276.73	9.1667e-09
1278.77	9.1735e-09
1280.77	9.2764e-09
1282.77	9.1994e-09
1284.77	9.2314e-09
1286.8	9.108e-09
1288.81	9.1339e-09
1290.81	9.0896e-09
1292.81	9.1694e-09
1294.78	9.186e-09
1296.81	9.0823e-09
1298.83	9.1512e-09
1300.84	9.0246e-09
1302.88	9.0007e-09
1304.89	8.9686e-09
1306.89	8.9953e-09
1308.92	8.9312e-09
1310.92	8.963e-09
1312.92	8.8764e-09
1314.92	8.9748e-09
1316.94	8.8404e-09
1318.95	8.8906e-09
1320.95	8.8229e-09
1322.98	8.7458e-09
1324.98	8.6716e-09
1327	8.7843e-09
1329	8.7691e-09
1331.03	8.7538e-09
1333.06	8.7165e-09
1335.06	8.6935e-09
1337.05	8.6682e-09
1339.08	8.7092e-09
1341.09	8.6969e-09
1343.09	8.6771e-09
1345.11	8.5566e-09
1347.09	8.7296e-09
1349.09	8.6253e-09
1351.11	8.6684e-09
1353.12	8.617e-09
1355.14	8.5858e-09
1357.16	8.5365e-09
1359.16	8.5548e-09
1361.17	8.5403e-09
1363.17	8.4284e-09
1365.19	8.5082e-09
1367.19	8.4991e-09
1369.22	8.367e-09
1371.23	8.4502e-09
1373.27	8.3866e-09
1375.27	8.3578e-09
1377.28	8.3261e-09
1379.31	8.2948e-09
1381.33	8.3612e-09
1383.33	8.2824e-09
1385.33	8.2346e-09
1387.33	8.2523e-09
1389.33	8.2179e-09
1391.34	8.2199e-09
1393.36	8.2027e-09
1395.38	8.2242e-09
1397.39	8.1333e-09
1399.38	8.1267e-09
1401.41	8.1738e-09
1403.41	8.1734e-09
1405.41	8.1319e-09
1407.42	8.1538e-09
1409.44	8.0998e-09
1411.47	8.0601e-09
1413.48	8.0571e-09
1415.52	8.0616e-09
1417.52	8.0249e-09
1419.52	7.9553e-09
1421.52	8.0798e-09
1423.55	8.0208e-09
1425.56	8.0305e-09
1427.59	7.952e-09
1429.61	7.8716e-09
1431.64	7.9079e-09
1433.66	7.8687e-09
1435.66	7.8418e-09
1437.66	7.8717e-09
1439.67	7.8875e-09
1441.69	7.8288e-09
1443.7	7.7971e-09
1445.72	7.7647e-09
1447.73	7.7293e-09
1449.73	7.8135e-09
1451.73	7.736e-09
1453.75	7.7037e-09
1455.75	7.7165e-09
1457.77	7.6755e-09
1459.77	7.6307e-09
1461.8	7.6547e-09
1463.81	7.6287e-09
1465.81	7.573e-09
1467.81	7.6607e-09
1469.81	7.6389e-09
1471.81	7.6552e-09
1473.81	7.6666e-09
1475.84	7.5615e-09
1477.84	7.504e-09
1479.86	7.523e-09
1481.89	7.4879e-09
1483.92	7.4556e-09
1485.92	7.5419e-09
1487.94	7.5141e-09
1489.94	7.4768e-09
1491.97	7.3965e-09
1493.98	7.4443e-09
1495.98	7.3969e-09
1498	7.3771e-09
1500.02	7.3544e-09
1502.03	7.3364e-09
1504.03	7.3865e-09
1506.03	7.2763e-09
1508.06	7.2441e-09
1510.06	7.3176e-09
1512.06	7.279e-09
1514.08	7.253e-09
1516.11	7.2479e-09
1518.11	7.2227e-09
1520.11	7.1926e-09
1522.11	7.1986e-09
1524.12	7.2077e-09
1526.14	7.2041e-09
1528.14	7.165e-09
1530.14	7.2057e-09
1532.17	7.1213e-09
1534.17	7.1254e-09
1536.19	7.1135e-09
1538.22	7.1174e-09
1540.22	7.0478e-09
1542.27	7.0611e-09
1544.28	7.0168e-09
1546.28	6.9822e-09
1548.28	7.047e-09
1550.28	6.9909e-09
1552.28	7.0033e-09
1554.28	6.9776e-09
1556.28	6.9761e-09
1558.3	6.8957e-09
1560.31	6.9186e-09
1562.33	6.9312e-09
1564.33	6.9118e-09
1566.33	6.8556e-09
1568.33	6.8757e-09
1570.33	6.7907e-09
1572.36	6.8465e-09
1574.39	6.8263e-09
1576.39	6.7984e-09
1578.45	6.776e-09
1580.47	6.8088e-09
1582.48	6.7871e-09
1584.52	6.7888e-09
1586.55	6.7395e-09
1588.55	6.7838e-09
1590.55	6.7655e-09
1592.55	6.6805e-09
1594.56	6.7262e-09
1596.58	6.6795e-09
1598.58	6.6623e-09
1600.58	6.6187e-09
1602.61	6.6796e-09
1604.61	6.5944e-09
1606.62	6.5358e-09
1608.66	6.5811e-09
1610.67	6.5781e-09
1612.67	6.5675e-09
1614.69	6.5542e-09
1616.69	6.5797e-09
1618.72	6.5384e-09
1620.72	6.4891e-09
1622.72	6.5211e-09
1624.73	6.4734e-09
1626.73	6.5039e-09
1628.73	6.4615e-09
1630.73	6.514e-09
1632.73	6.47e-09
1634.73	6.4864e-09
1636.75	6.4253e-09
1638.77	6.4218e-09
1640.77	6.3694e-09
1642.77	6.3775e-09
1644.78	6.4291e-09
1646.8	6.3959e-09
1648.81	6.4162e-09
1650.83	6.3393e-09
1652.81	6.3332e-09
1654.84	6.3461e-09
1656.84	6.3163e-09
1658.84	6.2627e-09
1660.88	6.309e-09
1662.88	6.2748e-09
1664.89	6.2076e-09
1666.91	6.2366e-09
1668.91	6.1876e-09
1670.91	6.1845e-09
1672.92	6.2016e-09
1674.94	6.1866e-09
1676.94	6.1994e-09
1678.97	6.1361e-09
1680.97	6.1893e-09
1682.98	6.1331e-09
1685.02	6.1062e-09
1687	6.1372e-09
1689.03	6.0345e-09
1691.03	6.1177e-09
1693.03	5.9963e-09
1695.03	6.0821e-09
1697.05	6.0403e-09
1699.06	6.0296e-09
1701.06	5.9634e-09
1703.05	6.0033e-09
1705.09	6.0335e-09
1707.11	6.0352e-09
1709.12	5.963e-09
1711.12	5.974e-09
1713.14	5.9769e-09
1715.14	5.9389e-09
1717.14	5.9325e-09
1719.14	5.9242e-09
1721.14	5.8592e-09
1723.14	5.8357e-09
1725.16	5.903e-09
1727.17	5.8626e-09
1729.19	5.9025e-09
1731.19	5.8347e-09
1733.2	5.8146e-09
1735.22	5.8258e-09
1737.2	5.8106e-09
1739.22	5.803e-09
1741.22	5.783e-09
1743.22	5.8039e-09
1745.23	5.729e-09
1747.27	5.7619e-09
1749.28	5.7751e-09
1751.28	5.7135e-09
1753.31	5.7092e-09
1755.33	5.7961e-09
1757.33	5.7414e-09
1759.33	5.6995e-09
1761.36	5.6862e-09
1763.36	5.6661e-09
1765.38	5.6647e-09
1767.39	5.6715e-09
1769.41	5.6895e-09
1771.39	5.6655e-09
1773.39	5.6307e-09
1775.41	5.617e-09
1777.41	5.6781e-09
1779.41	5.5825e-09
1781.41	5.6298e-09
1783.41	5.6074e-09
1785.41	5.5711e-09
1787.41	5.5007e-09
1789.38	5.5081e-09
1791.41	5.498e-09
1793.41	5.4985e-09
1795.41	5.456e-09
1797.41	5.5043e-09
1799.41	5.4439e-09
1801.44	5.5206e-09
1803.44	5.5094e-09
1805.47	5.4398e-09
1807.47	5.4189e-09
1809.48	5.4168e-09
1811.48	5.3975e-09
1813.48	5.4048e-09
1815.5	5.4174e-09
1817.52	5.4151e-09
1819.52	5.4074e-09
1821.52	5.383e-09
1823.53	5.3518e-09
1825.55	5.4035e-09
1827.55	5.3031e-09
1829.55	5.3606e-09
1831.59	5.3526e-09
1833.59	5.3445e-09
1835.59	5.269e-09
1837.62	5.2545e-09
1839.64	5.2978e-09
1841.67	5.2753e-09
1843.67	5.2334e-09
1845.67	5.2573e-09
1847.67	5.2618e-09
1849.7	5.2567e-09
1851.73	5.2024e-09
1853.77	5.1879e-09
1855.78	5.1643e-09
1857.77	5.1842e-09
1859.78	5.1731e-09
1861.78	5.1303e-09
1863.78	5.1503e-09
1865.78	5.1259e-09
1867.78	5.1684e-09
1869.78	5.0899e-09
1871.78	5.1208e-09
1873.78	5.105e-09
1875.78	5.0884e-09
1877.78	5.0535e-09
1879.78	5.0798e-09
1881.78	5.0973e-09
1883.78	5.071e-09
1885.78	5.1071e-09
1887.78	5.0598e-09
1889.81	5.025e-09
1891.81	5.0014e-09
1893.78	5.0033e-09
1895.81	4.9807e-09
1897.84	5.0109e-09
1899.86	4.9506e-09
1901.86	4.9393e-09
1903.89	4.9471e-09
1905.89	4.9136e-09
1907.88	4.9469e-09
1909.89	4.9116e-09
1911.92	4.8961e-09
1913.92	4.8867e-09
1915.92	4.8877e-09
1917.95	4.9244e-09
1919.97	4.9438e-09
1921.97	4.892e-09
1923.97	4.8383e-09
1925.97	4.9048e-09
1927.98	4.8967e-09
1930	4.7941e-09
1932.02	4.8047e-09
1934.03	4.8077e-09
1936.05	4.7403e-09
1938.05	4.7592e-09
1940.06	4.75e-09
1942.08	4.7849e-09
1944.08	4.8041e-09
1946.08	4.7899e-09
1948.11	4.776e-09
1950.11	4.8358e-09
1952.11	4.7826e-09
1954.12	4.7464e-09
1956.14	4.6896e-09
1958.16	4.6966e-09
1960.16	4.7245e-09
1962.12	4.6539e-09
1964.16	4.6735e-09
1966.16	4.6922e-09
1968.17	4.6654e-09
1970.19	4.698e-09
1972.19	4.6716e-09
1974.23	4.6084e-09
1976.25	4.6169e-09
1978.27	4.6396e-09
1980.25	4.6502e-09
1982.27	4.5581e-09
1984.27	4.5718e-09
1986.27	4.5648e-09
1988.27	4.5721e-09
1990.3	4.5929e-09
1992.3	4.5687e-09
1994.31	4.5414e-09
1996.33	4.5558e-09
1998.34	4.5267e-09
2000.34	4.4668e-09
2002.36	4.4905e-09
2004.38	4.5817e-09
2006.38	4.4777e-09
2008.36	4.5303e-09
2010.39	4.5086e-09
2012.41	4.4732e-09
2014.41	4.4876e-09
2016.42	4.4417e-09
2018.42	4.4397e-09
2020.42	4.4147e-09
2022.42	4.4341e-09
2024.42	4.4012e-09
2026.44	4.3761e-09
2028.47	4.3918e-09
2030.48	4.366e-09
2032.48	4.3609e-09
2034.5	4.3387e-09
2036.52	4.3313e-09
2038.53	4.3961e-09
2040.53	4.3219e-09
2042.56	4.2877e-09
2044.56	4.3112e-09
2046.55	4.3115e-09
2048.56	4.3007e-09
2050.59	4.3141e-09
2052.59	4.2941e-09
2054.61	4.2299e-09
2056.64	4.268e-09
2058.64	4.2659e-09
2060.64	4.2634e-09
2062.67	4.2516e-09
2064.67	4.2462e-09
2066.67	4.213e-09
2068.67	4.2105e-09
2070.67	4.2542e-09
2072.7	4.2426e-09
2074.7	4.1604e-09
2076.72	4.1803e-09
2078.72	4.1599e-09
2080.72	4.1623e-09
2082.77	4.132e-09
2084.8	4.1523e-09
2086.81	4.1343e-09
2088.81	4.1479e-09
2090.83	4.0882e-09
2092.83	4.1439e-09
2094.83	4.1075e-09
2096.83	4.1103e-09
2098.83	4.0673e-09
2100.83	4.0664e-09
2102.83	4.0609e-09
2104.83	4.0676e-09
2106.83	4.0565e-09
2108.84	4.0572e-09
2110.86	4.0076e-09
2112.89	4.055e-09
2114.91	4.0009e-09
2116.94	4.0495e-09
2118.94	4.0138e-09
2120.94	4.0439e-09
2122.95	3.9948e-09
2124.97	4.001e-09
2126.97	4.0321e-09
2128.99	3.9994e-09
2131.02	3.9996e-09
2133.02	3.9615e-09
2135.02	3.9514e-09
2136.99	3.9581e-09
2139.03	3.9378e-09
2141.05	3.9386e-09
2143.05	3.8818e-09
2145.06	3.9495e-09
2147.08	3.9039e-09
2149.09	3.8721e-09
2151.09	3.8741e-09
2153.09	3.8869e-09
2155.12	3.9422e-09
2157.16	3.9089e-09
2159.16	3.855e-09
2161.16	3.8365e-09
2163.19	3.8396e-09
2165.19	3.8405e-09
2167.19	3.8613e-09
2169.2	3.8283e-09
2171.2	3.8074e-09
2173.2	3.7904e-09
2175.19	3.8097e-09
2177.2	3.8028e-09
2179.2	3.8244e-09
2181.2	3.7726e-09
2183.2	3.7757e-09
2185.24	3.8003e-09
2187.22	3.7337e-09
2189.24	3.7223e-09
2191.24	3.7227e-09
2193.24	3.7412e-09
2195.25	3.7454e-09
2197.28	3.737e-09
2199.28	3.7342e-09
2201.3	3.7515e-09
2203.3	3.6971e-09
2205.31	3.7125e-09
2207.31	3.6891e-09
2209.3	3.6643e-09
2211.31	3.7021e-09
2213.33	3.6402e-09
2215.34	3.6544e-09
2217.34	3.6416e-09
2219.38	3.6514e-09
2221.39	3.6332e-09
2223.36	3.6703e-09
2225.39	3.6135e-09
2227.39	3.6326e-09
2229.39	3.647e-09
2231.39	3.605e-09
2233.39	3.592e-09
2235.38	3.6068e-09
2237.39	3.5956e-09
2239.39	3.5854e-09
2241.39	3.5938e-09
2243.39	3.5414e-09
2245.39	3.5717e-09
2247.39	3.549e-09
2249.39	3.5175e-09
2251.39	3.5192e-09
2253.41	3.519e-09
2255.42	3.494e-09
2257.42	3.5068e-09
2259.42	3.5605e-09
2261.44	3.507e-09
2263.45	3.5022e-09
2265.47	3.4457e-09
2267.49	3.461e-09
2269.49	3.4802e-09
2271.49	3.5231e-09
2273.53	3.4751e-09
2275.53	3.4307e-09
2277.53	3.4145e-09
2279.56	3.4376e-09
2281.56	3.466e-09
2283.56	3.4186e-09
2285.58	3.4117e-09
2287.58	3.4032e-09
2289.61	3.4405e-09
2291.61	3.3768e-09
2293.59	3.3953e-09
2295.61	3.3618e-09
2297.61	3.3932e-09
2299.61	3.3413e-09
2301.61	3.3742e-09
2303.61	3.3862e-09
2305.61	3.3934e-09
2307.59	3.4134e-09
2309.61	3.3703e-09
2311.61	3.3575e-09
2313.61	3.3225e-09
2315.61	3.302e-09
2317.61	3.3107e-09
2319.62	3.3007e-09
2321.64	3.2971e-09
2323.64	3.2964e-09
2325.64	3.2997e-09
2327.66	3.2805e-09
2329.67	3.2841e-09
2331.69	3.2576e-09
2333.69	3.2369e-09
2335.69	3.2464e-09
2337.69	3.2511e-09
2339.69	3.2476e-09
2341.69	3.2373e-09
2343.66	3.2419e-09
2345.69	3.2351e-09
2347.69	3.2286e-09
2349.7	3.1854e-09
2351.72	3.216e-09
2353.74	3.1907e-09
2355.75	3.2118e-09
2357.75	3.1985e-09
2359.77	3.1941e-09
2361.77	3.147e-09
2363.77	3.1678e-09
2365.77	3.1815e-09
2367.77	3.1159e-09
2369.77	3.1365e-09
2371.77	3.1212e-09
2373.75	3.084e-09
2375.77	3.169e-09
2377.77	3.152e-09
2379.77	3.151e-09
2381.78	3.1128e-09
2383.8	3.0915e-09
2385.83	3.1192e-09
2387.83	3.0968e-09
2389.84	3.0857e-09
2391.83	3.1079e-09
2393.84	3.0987e-09
2395.83	3.0904e-09
2397.84	3.0629e-09
2399.86	3.0329e-09
2401.88	3.05e-09
2403.86	3.033e-09
2405.89	3.0368e-09
2407.91	3.0247e-09
2409.92	3.0499e-09
2411.92	3.0569e-09
2413.94	3.0281e-09
2415.95	3.0422e-09
2417.95	3.0123e-09
2419.95	3.0481e-09
2421.95	2.9865e-09
2423.95	3.0015e-09
2425.95	3.0043e-09
2427.99	2.9978e-09
2429.99	2.96e-09
2431.99	2.9688e-09
2433.99	2.9564e-09
2436	2.9731e-09
2438.02	2.9957e-09
2440.03	2.94e-09
2442.03	2.9755e-09
2444.03	2.9399e-09
2446.03	2.9347e-09
2448.02	2.9588e-09
2450.03	2.9271e-09
2452.03	2.9048e-09
2454.05	2.9351e-09
2456.06	2.9346e-09
2458.09	2.9325e-09
2460.11	2.909e-09
2462.14	2.9264e-09
2464.17	2.9144e-09
2466.19	2.9379e-09
2468.22	2.9064e-09
2470.25	2.8836e-09
2472.27	2.8887e-09
2474.28	2.8972e-09
2476.3	2.8588e-09
2478.31	2.8651e-09
2480.31	2.8857e-09
2482.31	2.8501e-09
2484.33	2.8712e-09
2486.33	2.8729e-09
2488.33	2.8505e-09
2490.33	2.8328e-09
2492.33	2.845e-09
2494.33	2.8076e-09
2496.33	2.8386e-09
2498.31	2.8168e-09
2500.33	2.7939e-09
2502.33	2.8084e-09
2504.34	2.7951e-09
2506.36	2.8199e-09
2508.38	2.802e-09
2510.39	2.7697e-09
2512.41	2.7714e-09
2514.41	2.7921e-09
2516.41	2.7741e-09
2518.41	2.7823e-09
2520.41	2.7529e-09
2522.41	2.7726e-09
2524.41	2.7295e-09
2526.41	2.7239e-09
2528.41	2.7741e-09
2530.41	2.7368e-09
2532.41	2.7164e-09
2534.41	2.6928e-09
2536.41	2.7398e-09
2538.41	2.7285e-09
2540.44	2.6948e-09
2542.44	2.6859e-09
2544.44	2.748e-09
2546.44	2.6907e-09
2548.47	2.6996e-09
2550.47	2.6667e-09
2552.49	2.682e-09
2554.52	2.6656e-09
2556.52	2.6952e-09
2558.52	2.667e-09
2560.53	2.6796e-09
2562.55	2.6185e-09
2564.56	2.6535e-09
2566.58	2.661e-09
2568.58	2.6371e-09
2570.58	2.6282e-09
2572.56	2.6255e-09
2574.59	2.6349e-09
2576.59	2.5984e-09
2578.59	2.595e-09
2580.62	2.5776e-09
2582.61	2.5959e-09
2584.62	2.5935e-09
2586.62	2.5886e-09
2588.64	2.5927e-09
2590.67	2.6008e-09
2592.69	2.58e-09
2594.7	2.602e-09
2596.7	2.5594e-09
2598.7	2.5696e-09
2600.7	2.5834e-09
2602.7	2.5507e-09
2604.7	2.5436e-09
2606.7	2.5571e-09
2608.7	2.5509e-09
2610.69	2.5404e-09
2612.7	2.5624e-09
2614.7	2.5185e-09
2616.72	2.5159e-09
2618.74	2.509e-09
2620.77	2.5234e-09
2622.78	2.4652e-09
2624.81	2.5097e-09
2626.81	2.4862e-09
2628.81	2.5066e-09
2630.81	2.4803e-09
2632.84	2.4862e-09
2634.84	2.5019e-09
2636.84	2.5005e-09
2638.88	2.48e-09
2640.89	2.486e-09
2642.89	2.4548e-09
2644.89	2.4642e-09
2646.89	2.4633e-09
2648.89	2.4748e-09
2650.89	2.4549e-09
2652.89	2.4686e-09
2654.89	2.4129e-09
2656.89	2.4323e-09
2658.91	2.4488e-09
2660.89	2.4426e-09
2662.94	2.4075e-09
2664.95	2.4084e-09
2666.95	2.4143e-09
2668.95	2.437e-09
2670.97	2.4135e-09
2672.95	2.3768e-09
2674.99	2.3972e-09
2677.02	2.3909e-09
2679.03	2.3964e-09
2681.03	2.3539e-09
2683.06	2.3812e-09
2685.08	2.3856e-09
2687.08	2.3598e-09
2689.08	2.3881e-09
2691.08	2.331e-09
2693.06	2.3512e-09
2695.08	2.3428e-09
2697.08	2.3326e-09
2699.08	2.3271e-09
2701.06	2.3171e-09
2703.08	2.3483e-09
2705.08	2.3297e-09
2707.09	2.3141e-09
2709.11	2.2974e-09
2711.14	2.3155e-09
2713.16	2.3151e-09
2715.17	2.335e-09
2717.19	2.3107e-09
2719.19	2.3068e-09
2721.2	2.3114e-09
2723.22	2.2695e-09
2725.24	2.2624e-09
2727.25	2.2596e-09
2729.25	2.2812e-09
2731.27	2.2677e-09
2733.27	2.2712e-09
2735.27	2.2658e-09
2737.27	2.2545e-09
2739.24	2.2636e-09
2741.27	2.2552e-09
2743.27	2.2264e-09
2745.27	2.2406e-09
2747.25	2.2379e-09
2749.27	2.2048e-09
2751.27	2.2637e-09
2753.28	2.2233e-09
2755.3	2.23e-09
2757.31	2.202e-09
2759.33	2.2303e-09
2761.33	2.2153e-09
2763.34	2.2029e-09
2765.34	2.1666e-09
2767.34	2.1908e-09
2769.34	2.1695e-09
2771.34	2.2118e-09
2773.36	2.1823e-09
2775.39	2.1915e-09
2777.41	2.1911e-09
2779.41	2.192e-09
2781.42	2.1566e-09
2783.45	2.165e-09
2785.45	2.1469e-09
2787.45	2.131e-09
2789.45	2.1189e-09
2791.49	2.1224e-09
2793.52	2.1675e-09
2795.53	2.138e-09
2797.56	2.1694e-09
2799.56	2.1319e-09
2801.56	2.1181e-09
2803.56	2.1099e-09
2805.59	2.123e-09
2807.59	2.1191e-09
2809.59	2.1223e-09
2811.62	2.132e-09
2813.64	2.1081e-09
2815.64	2.1029e-09
2817.67	2.1035e-09
2819.66	2.1077e-09
2821.69	2.0924e-09
2823.7	2.0575e-09
2825.7	2.0695e-09
2827.7	2.0697e-09
2829.74	2.0433e-09
2831.75	2.097e-09
2833.75	2.0706e-09
2835.77	2.0532e-09
2837.78	2.0716e-09
2839.78	2.0782e-09
2841.78	2.0543e-09
2843.78	2.0289e-09
2845.78	2.0375e-09
2847.78	2.0284e-09
2849.81	2.0423e-09
2851.81	2.0528e-09
2853.83	2.0295e-09
2855.86	2.015e-09
2857.86	2.0138e-09
2859.86	2.0128e-09
2861.88	1.9899e-09
2863.89	2.036e-09
2865.89	1.9956e-09
2867.91	2.0319e-09
2869.92	1.9955e-09
2871.94	1.9933e-09
2873.94	1.9589e-09
2875.92	1.9791e-09
2877.94	1.9598e-09
2879.94	1.9755e-09
2881.94	1.9539e-09
2883.94	1.9513e-09
2885.94	1.937e-09
2887.97	1.9582e-09
2889.97	1.9678e-09
2891.99	1.9379e-09
2894.02	1.9354e-09
2896.03	1.9405e-09
2898.03	1.9296e-09
2900.05	1.9583e-09
2902.08	1.9326e-09
2904.08	1.9379e-09
2906.08	1.8982e-09
2908.11	1.923e-09
2910.11	1.9166e-09
2912.11	1.9174e-09
2914.11	1.8798e-09
2916.14	1.9336e-09
2918.12	1.9144e-09
2920.16	1.9001e-09
2922.16	1.8885e-09
2924.16	1.9167e-09
2926.17	1.8888e-09
2928.19	1.8682e-09
2930.22	1.8849e-09
2932.25	1.8902e-09
2934.27	1.8736e-09
2936.25	1.8977e-09
2938.27	1.8694e-09
2940.27	1.8481e-09
2942.27	1.8737e-09
2944.25	1.859e-09
2946.25	1.8519e-09
2948.27	1.8597e-09
2950.24	1.8741e-09
2952.27	1.8351e-09
2954.25	1.8481e-09
2956.27	1.8568e-09
2958.27	1.8186e-09
2960.3	1.839e-09
2962.3	1.8314e-09
2964.3	1.8424e-09
2966.31	1.8221e-09
2968.33	1.8155e-09
2970.34	1.8078e-09
2972.34	1.786e-09
2974.38	1.8066e-09
2976.38	1.7895e-09
2978.38	1.7889e-09
2980.38	1.777e-09
2982.41	1.8076e-09
2984.41	1.804e-09
2986.44	1.7781e-09
2988.45	1.7808e-09
2990.45	1.7928e-09
2992.45	1.7778e-09
2994.45	1.783e-09
2996.45	1.7778e-09
2998.45	1.7706e-09
3000.45	1.7593e-09
3002.45	1.785e-09
3004.45	1.7604e-09
3006.45	1.7597e-09
3008.47	1.747e-09
3010.49	1.7524e-09
3012.49	1.7444e-09
3014.52	1.76e-09
3016.55	1.7255e-09
3018.56	1.7512e-09
3020.56	1.7322e-09
3022.56	1.7342e-09
3024.55	1.72e-09
3026.59	1.7438e-09
3028.59	1.7334e-09
3030.59	1.7231e-09
3032.61	1.7232e-09
3034.61	1.704e-09
3036.61	1.7025e-09
3038.61	1.716e-09
3040.61	1.6969e-09
3042.59	1.6792e-09
3044.62	1.6828e-09
3046.64	1.6976e-09
3048.66	1.6863e-09
3050.69	1.669e-09
3052.69	1.7094e-09
3054.7	1.6705e-09
3056.72	1.6756e-09
3058.74	1.6791e-09
3060.77	1.6516e-09
3062.78	1.6783e-09
3064.8	1.6598e-09
3066.81	1.6629e-09
3068.83	1.6362e-09
3070.84	1.6711e-09
3072.86	1.6376e-09
3074.86	1.6642e-09
3076.84	1.6237e-09
3078.88	1.6279e-09
3080.89	1.6402e-09
3082.89	1.6229e-09
3084.89	1.5942e-09
3086.92	1.6353e-09
3088.92	1.6107e-09
3090.94	1.6326e-09
3092.94	1.6078e-09
3094.94	1.6083e-09
3096.94	1.6118e-09
3098.94	1.581e-09
3100.94	1.5913e-09
3102.94	1.5997e-09
3104.97	1.6146e-09
3106.97	1.6139e-09
3108.99	1.5713e-09
3111.02	1.6057e-09
3113.02	1.5802e-09
3115.02	1.603e-09
3117.03	1.5995e-09
3119.05	1.5728e-09
3121.05	1.574e-09
3123.05	1.5797e-09
3125.08	1.5739e-09
3127.09	1.5516e-09
3129.09	1.5476e-09
3131.11	1.5823e-09
3133.14	1.5429e-09
3135.16	1.562e-09
3137.16	1.5662e-09
3139.17	1.5385e-09
3141.2	1.532e-09
3143.2	1.5305e-09
3145.2	1.5222e-09
3147.2	1.5252e-09
3149.24	1.5555e-09
3151.27	1.5343e-09
3153.3	1.535e-09
3155.31	1.5354e-09
3157.31	1.5626e-09
3159.31	1.5331e-09
3161.31	1.5228e-09
3163.31	1.5391e-09
3165.31	1.5263e-09
3167.31	1.5142e-09
3169.31	1.5221e-09
3171.31	1.5143e-09
3173.31	1.5312e-09
3175.31	1.4994e-09
3177.31	1.5087e-09
3179.31	1.4892e-09
3181.33	1.483e-09
3183.34	1.4938e-09
3185.34	1.4959e-09
3187.34	1.4828e-09
3189.38	1.4828e-09
3191.38	1.479e-09
3193.39	1.4796e-09
3195.39	1.4696e-09
3197.39	1.4579e-09
3199.39	1.4608e-09
3201.39	1.4749e-09
3203.38	1.4675e-09
3205.39	1.4587e-09
3207.42	1.4511e-09
3209.42	1.4484e-09
3211.44	1.4474e-09
3213.45	1.4708e-09
3215.45	1.4315e-09
3217.5	1.4549e-09
3219.53	1.4664e-09
3221.56	1.4735e-09
3223.56	1.4449e-09
3225.53	1.4076e-09
3227.56	1.4398e-09
3229.59	1.4253e-09
3231.59	1.4341e-09
3233.59	1.4233e-09
3235.61	1.4308e-09
3237.61	1.4408e-09
3239.61	1.4256e-09
3241.61	1.427e-09
3243.58	1.4206e-09
3245.61	1.3991e-09
3247.64	1.4166e-09
3249.64	1.4332e-09
3251.64	1.4135e-09
3253.66	1.4061e-09
3255.67	1.4021e-09
3257.69	1.3971e-09
3259.69	1.4006e-09
3261.69	1.4123e-09
3263.74	1.4106e-09
3265.72	1.3907e-09
3267.75	1.398e-09
3269.75	1.3944e-09
3271.78	1.3784e-09
3273.78	1.3864e-09
3275.78	1.3734e-09
3277.78	1.3906e-09
3279.8	1.3777e-09
3281.81	1.3748e-09
3283.8	1.3886e-09
3285.81	1.386e-09
3287.83	1.3445e-09
3289.83	1.3487e-09
3291.83	1.3413e-09
3293.83	1.3632e-09
3295.81	1.3803e-09
3297.83	1.3614e-09
3299.83	1.3495e-09
3301.83	1.3581e-09
3303.83	1.3636e-09
3305.83	1.3512e-09
3307.81	1.3351e-09
3309.83	1.348e-09
3311.86	1.3479e-09
3313.86	1.3594e-09
3315.86	1.3389e-09
3317.88	1.323e-09
3319.89	1.3176e-09
3321.91	1.33e-09
3323.91	1.3188e-09
3325.94	1.3348e-09
3327.94	1.3225e-09
3329.94	1.3332e-09
3331.95	1.3175e-09
3333.97	1.3129e-09
3335.99	1.3263e-09
3338	1.307e-09
3340.02	1.3059e-09
3342.02	1.2985e-09
3344.02	1.3044e-09
3346.02	1.2946e-09
3348.02	1.2795e-09
3350.02	1.3037e-09
3352.02	1.2881e-09
3354.05	1.2916e-09
3356.05	1.2894e-09
3358.05	1.2928e-09
3360.06	1.2983e-09
3362.08	1.296e-09
3364.08	1.3295e-09
3366.09	1.2721e-09
3368.12	1.2656e-09
3370.12	1.2935e-09
3372.16	1.2861e-09
3374.16	1.2823e-09
3376.17	1.2701e-09
3378.22	1.2554e-09
3380.24	1.2597e-09
3382.24	1.2652e-09
3384.24	1.2602e-09
3386.24	1.2824e-09
3388.24	1.2594e-09
3390.24	1.2683e-09
3392.24	1.2534e-09
3394.24	1.2828e-09
3396.22	1.2531e-09
3398.25	1.259e-09
3400.27	1.2419e-09
3402.28	1.2417e-09
3404.31	1.2561e-09
3406.31	1.2433e-09
3408.34	1.234e-09
3410.34	1.2272e-09
3412.36	1.2144e-09
3414.36	1.2322e-09
3416.38	1.229e-09
3418.39	1.2137e-09
3420.39	1.2452e-09
3422.42	1.2172e-09
3424.42	1.2184e-09
3426.42	1.2238e-09
3428.42	1.2111e-09
3430.44	1.2131e-09
3432.44	1.2241e-09
3434.45	1.223e-09
3436.45	1.21e-09
3438.49	1.2094e-09
3440.5	1.2137e-09
3442.53	1.2022e-09
3444.53	1.2022e-09
3446.53	1.1915e-09
3448.53	1.2062e-09
3450.53	1.1906e-09
3452.55	1.2097e-09
3454.56	1.1782e-09
3456.58	1.1873e-09
3458.59	1.1943e-09
3460.61	1.1729e-09
3462.62	1.1728e-09
3464.64	1.181e-09
3466.64	1.1786e-09
3468.64	1.1936e-09
3470.64	1.186e-09
3472.67	1.1846e-09
3474.69	1.151e-09
3476.7	1.1761e-09
3478.74	1.1689e-09
3480.75	1.1787e-09
3482.75	1.1711e-09
3484.75	1.1559e-09
3486.75	1.1685e-09
3488.75	1.1474e-09
3490.75	1.1634e-09
3492.75	1.1677e-09
3494.75	1.1671e-09
3496.75	1.1415e-09
3498.75	1.1622e-09
3500.77	1.1512e-09
3502.78	1.1442e-09
3504.78	1.1311e-09
3506.78	1.1384e-09
3508.8	1.1081e-09
3510.8	1.1414e-09
3512.8	1.1351e-09
3514.8	1.1301e-09
3516.8	1.1186e-09
3518.8	1.1311e-09
3520.8	1.1382e-09
3522.8	1.1293e-09
3524.8	1.123e-09
3526.81	1.1e-09
3528.83	1.1297e-09
3530.86	1.1145e-09
3532.88	1.1164e-09
3534.91	1.1131e-09
3536.89	1.1165e-09
3538.91	1.1019e-09
3540.91	1.104e-09
3542.91	1.1078e-09
3544.91	1.1035e-09
3546.91	1.0949e-09
3548.92	1.1027e-09
3550.94	1.1147e-09
3552.94	1.1025e-09
3554.95	1.0857e-09
3556.97	1.1067e-09
3558.99	1.1098e-09
3560.99	1.0839e-09
3562.95	1.0964e-09
3564.99	1.0931e-09
3566.99	1.0845e-09
3569.02	1.0873e-09
3571.03	1.0675e-09
3573.06	1.0846e-09
3575.06	1.0813e-09
3577.08	1.0583e-09
3579.09	1.0791e-09
3581.09	1.0697e-09
3583.11	1.0632e-09
3585.12	1.0727e-09
3587.12	1.075e-09
3589.14	1.0614e-09
3591.16	1.0547e-09
3593.17	1.0768e-09
3595.19	1.0704e-09
3597.2	1.0589e-09
3599.2	1.0486e-09
3601.2	1.054e-09
3603.2	1.0412e-09
3605.17	1.0528e-09
3607.2	1.0402e-09
3609.24	1.0472e-09
3611.24	1.0616e-09
3613.24	1.0514e-09
3615.24	1.0491e-09
3617.25	1.0473e-09
3619.25	1.0445e-09
3621.28	1.0438e-09
3623.28	1.0269e-09
3625.28	1.0236e-09
3627.25	1.0239e-09
3629.3	1.0237e-09
3631.31	1.0335e-09
3633.31	1.0145e-09
3635.31	1.0118e-09
3637.33	1.0215e-09
3639.34	1.0149e-09
3641.36	1.019e-09
3643.36	1.0136e-09
3645.36	1.0198e-09
3647.36	1.0211e-09
3649.38	1.0241e-09
3651.36	1.0174e-09
3653.38	1.0212e-09
3655.39	1.011e-09
3657.42	9.9431e-10
3659.45	9.9779e-10
3661.47	9.9973e-10
3663.5	1.0087e-09
3665.52	9.9972e-10
3667.53	9.9855e-10
3669.55	9.9283e-10
3671.56	9.8987e-10
3673.58	9.884e-10
3675.59	9.7598e-10
3677.61	9.9488e-10
3679.61	9.8574e-10
3681.58	9.8954e-10
3683.61	9.8521e-10
3685.64	9.8574e-10
3687.64	9.9298e-10
3689.64	9.8479e-10
3691.64	9.8447e-10
3693.67	9.8012e-10
3695.69	9.8899e-10
3697.7	9.7224e-10
3699.72	9.6761e-10
3701.74	9.6986e-10
3703.77	9.7884e-10
3705.78	9.7522e-10
3707.78	9.5226e-10
3709.81	9.7719e-10
3711.83	9.6845e-10
3713.83	9.5466e-10
3715.83	9.4995e-10
3717.84	9.6439e-10
3719.86	9.315e-10
3721.86	9.592e-10
3723.86	9.5815e-10
3725.89	9.4654e-10
3727.89	9.6293e-10
3729.91	9.4318e-10
3731.91	9.5024e-10
3733.91	9.4903e-10
3735.91	9.3677e-10
3737.91	9.398e-10
3739.91	9.3683e-10
3741.91	9.3899e-10
3743.91	9.309e-10
3745.91	9.4525e-10
3747.89	9.2945e-10
3749.91	9.5634e-10
3751.92	9.1965e-10
3753.92	9.2576e-10
3755.95	9.1579e-10
3757.95	9.1557e-10
3759.97	9.1886e-10
3761.99	9.3734e-10
3764	9.1685e-10
3766.02	9.1859e-10
3768.02	9.3748e-10
3770.02	9.2513e-10
3772.02	9.0677e-10
3774.02	9.1603e-10
3776.02	9.1747e-10
3778.02	9.1565e-10
3780.02	9.0156e-10
3782.02	9.1092e-10
3783.99	9.1099e-10
3786.02	9.0381e-10
3788	9.0888e-10
3790.02	9.2811e-10
3792	9.1101e-10
3794.05	9.0245e-10
3796.05	8.9919e-10
3798.06	8.8611e-10
3800.08	9.0574e-10
3802.09	9.1054e-10
3804.09	8.9026e-10
3806.09	9.1376e-10
3808.09	8.9708e-10
3810.09	9.0341e-10
3812.09	8.8291e-10
3814.11	9.1116e-10
3816.12	8.8102e-10
3818.16	8.835e-10
3820.16	8.9221e-10
3822.16	8.8895e-10
3824.17	8.9428e-10
3826.19	8.9058e-10
3828.19	8.8824e-10
3830.2	8.7685e-10
3832.2	8.7707e-10
3834.2	8.872e-10
3836.2	8.7301e-10
3838.2	8.7945e-10
3840.22	8.7987e-10
3842.24	8.7672e-10
3844.24	8.6854e-10
3846.27	8.7292e-10
3848.3	8.6118e-10
3850.31	8.6558e-10
3852.31	8.8298e-10
3854.31	8.7346e-10
3856.34	8.6734e-10
3858.34	8.9327e-10
3860.36	8.6656e-10
3862.36	8.5765e-10
3864.39	8.5809e-10
3866.38	8.5025e-10
3868.39	8.6598e-10
3870.38	8.6051e-10
3872.39	8.3992e-10
3874.39	8.5887e-10
3876.39	8.5547e-10
3878.42	8.5339e-10
3880.44	8.5191e-10
3882.45	8.5268e-10
3884.45	8.4859e-10
3886.47	8.4134e-10
3888.45	8.3586e-10
3890.47	8.5555e-10
3892.45	8.3989e-10
3894.47	8.6162e-10
3896.5	8.3527e-10
3898.5	8.3995e-10
3900.52	8.3721e-10
3902.53	8.3928e-10
3904.55	8.4847e-10
3906.58	8.3986e-10
3908.58	8.5939e-10
3910.58	8.5173e-10
3912.58	8.3349e-10
3914.61	8.3747e-10
3916.64	8.3909e-10
3918.66	8.2635e-10
3920.69	8.3045e-10
3922.72	8.2432e-10
3924.72	8.4103e-10
3926.74	8.2281e-10
3928.75	8.3718e-10
3930.75	8.222e-10
3932.75	8.2513e-10
3934.8	8.2173e-10
3936.8	8.2564e-10
3938.8	8.2453e-10
3940.81	8.0973e-10
3942.84	8.3844e-10
3944.86	8.1415e-10
3946.86	8.2756e-10
3948.86	8.2228e-10
3950.88	8.2339e-10
3952.88	8.0883e-10
3954.88	8.1018e-10
3956.88	7.9593e-10
3958.88	8.1657e-10
3960.88	8.1235e-10
3962.89	7.9742e-10
3964.91	8.0313e-10
3966.89	8.1833e-10
3968.91	8.1307e-10
3970.94	8.0494e-10
3972.92	7.8387e-10
3974.95	8.1453e-10
3976.95	7.9103e-10
3978.97	7.9853e-10
3980.99	8.2104e-10
3983	7.9051e-10
3985.02	7.8473e-10
3987.02	7.9975e-10
3989.02	8.1182e-10
3991.03	8.1251e-10
3993.05	8.1717e-10
3995.05	7.9677e-10
3997.06	7.8429e-10
3999.06	7.8567e-10
4001.06	7.9169e-10
4003.09	7.9755e-10
4005.09	7.8852e-10
4007.09	7.7604e-10
4009.12	7.7973e-10
4011.14	7.8095e-10
4013.16	7.8642e-10
4015.16	8.0306e-10
4017.17	7.8229e-10
4019.17	7.8099e-10
4021.17	7.9253e-10
4023.17	7.7355e-10
4025.17	7.7689e-10
4027.19	7.7919e-10
4029.2	7.7146e-10
4031.2	7.7051e-10
4033.22	7.7571e-10
4035.24	7.7393e-10
4037.25	7.6663e-10
4039.27	7.8269e-10
4041.28	7.8465e-10
4043.28	7.9041e-10
4045.28	7.658e-10
4047.28	7.7477e-10
4049.28	7.6766e-10
4051.27	7.8127e-10
4053.28	7.6636e-10
4055.28	7.7168e-10
4057.3	7.5589e-10
4059.31	7.6022e-10
4061.33	7.6424e-10
4063.33	7.5631e-10
4065.36	7.5864e-10
4067.38	7.4808e-10
4069.39	7.5591e-10
4071.39	7.4573e-10
4073.41	7.6274e-10
4075.42	7.5097e-10
4077.44	7.5864e-10
4079.45	7.5694e-10
4081.45	7.4052e-10
4083.47	7.6146e-10
4085.52	7.5081e-10
4087.53	7.7407e-10
4089.53	7.6569e-10
4091.55	7.4729e-10
4093.55	7.5478e-10
4095.58	7.2814e-10
4097.58	7.2898e-10
4099.58	7.2625e-10
4101.58	7.4694e-10
4103.58	7.3044e-10
4105.58	7.5426e-10
4107.58	7.5589e-10
4109.56	7.2825e-10
4111.58	7.4104e-10
4113.58	7.4873e-10
4115.58	7.4769e-10
4117.58	7.3591e-10
4119.58	7.4313e-10
4121.58	7.4388e-10
4123.58	7.3878e-10
4125.56	7.2386e-10
4127.58	7.3837e-10
4129.58	7.2747e-10
4131.58	7.2892e-10
4133.58	7.2036e-10
4135.58	7.3771e-10
4137.59	7.1582e-10
4139.61	7.3219e-10
4141.62	7.3179e-10
4143.62	7.4431e-10
4145.66	7.3524e-10
4147.66	7.2615e-10
4149.66	7.3121e-10
4151.66	7.2522e-10
4153.66	7.2219e-10
4155.66	7.1797e-10
4157.66	7.3216e-10
4159.66	7.1071e-10
4161.64	7.1156e-10
4163.67	7.2185e-10
4165.69	7.1845e-10
4167.72	7.1819e-10
4169.73	7.1069e-10
4171.73	6.9732e-10
4173.73	7.1756e-10
4175.73	7.1306e-10
4177.73	7.1856e-10
4179.73	7.0274e-10
4181.73	6.9538e-10
4183.73	7.1189e-10
4185.73	7.1617e-10
4187.72	6.9859e-10
4189.73	7.1031e-10
4191.73	6.8977e-10
4193.73	6.9749e-10
4195.73	7.1353e-10
4197.75	7.0115e-10
4199.75	7.1889e-10
4201.78	6.8746e-10
4203.78	7.0185e-10
4205.8	6.9607e-10
4207.81	7.1126e-10
4209.83	7.1082e-10
4211.84	7.1598e-10
4213.86	6.921e-10
4215.89	6.8014e-10
4217.91	6.7813e-10
4219.92	6.8815e-10
4221.94	6.7689e-10
4223.95	6.9226e-10
4225.95	6.971e-10
4227.98	6.8241e-10
4229.98	7.0837e-10
4232	6.8624e-10
4234.02	6.8366e-10
4236.03	6.9124e-10
4238.03	6.9227e-10
4240.03	6.7363e-10
4242.03	6.6433e-10
4244.06	6.7561e-10
4246.06	6.7968e-10
4248.06	6.8356e-10
4250.08	6.7464e-10
4252.11	6.9818e-10
4254.11	6.8304e-10
4256.11	6.7493e-10
4258.11	6.812e-10
4260.12	6.7206e-10
4262.14	6.7913e-10
4264.12	6.8012e-10
4266.14	6.8274e-10
4268.17	6.998e-10
4270.19	6.6989e-10
4272.2	6.6466e-10
4274.22	6.7457e-10
4276.23	6.6212e-10
4278.25	6.644e-10
4280.25	6.8002e-10
4282.28	6.6295e-10
4284.28	6.6561e-10
4286.3	6.838e-10
4288.31	6.7392e-10
4290.33	6.7802e-10
4292.31	6.8103e-10
4294.33	6.6156e-10
4296.33	6.5867e-10
4298.33	6.6285e-10
4300.33	6.5235e-10
4302.34	6.5428e-10
4304.36	6.6198e-10
4306.36	6.5165e-10
4308.36	6.6343e-10
4310.34	6.5786e-10
4312.36	6.5209e-10
4314.38	6.5348e-10
4316.41	6.6584e-10
4318.42	6.6083e-10
4320.44	6.7106e-10
4322.42	6.6792e-10
4324.44	6.6599e-10
4326.47	6.5621e-10
4328.47	6.504e-10
4330.5	6.5423e-10
4332.5	6.6267e-10
4334.52	6.5127e-10
4336.5	6.6398e-10
4338.52	6.369e-10
4340.52	6.4411e-10
4342.52	6.4722e-10
4344.52	6.5463e-10
4346.52	6.4936e-10
4348.55	6.5925e-10
4350.58	6.4117e-10
4352.61	6.5345e-10
4354.62	6.2387e-10
4356.62	6.5386e-10
4358.66	6.3803e-10
4360.69	6.4073e-10
4362.69	6.3678e-10
4364.72	6.2793e-10
4366.7	6.5475e-10
4368.73	6.4473e-10
4370.73	6.4588e-10
4372.73	6.3999e-10
4374.73	6.3676e-10
4376.77	6.5015e-10
4378.77	6.5274e-10
4380.75	6.4024e-10
4382.77	6.331e-10
4384.78	6.3827e-10
4386.8	6.2003e-10
4388.8	6.3059e-10
4390.81	6.1717e-10
4392.81	6.1874e-10
4394.8	6.3179e-10
4396.83	6.2643e-10
4398.84	6.3466e-10
4400.84	6.1964e-10
4402.84	6.2199e-10
4404.86	6.2168e-10
4406.86	6.2711e-10
4408.89	6.2839e-10
4410.91	6.2714e-10
4412.91	6.087e-10
4414.92	6.2179e-10
4416.94	6.2618e-10
4418.95	6.2278e-10
4420.95	6.177e-10
4422.98	6.1381e-10
4424.98	6.1219e-10
4427	6.0849e-10
4429.02	6.1285e-10
4431.03	6.2441e-10
4433.05	6.0793e-10
4435.05	6.0708e-10
4437.06	6.2144e-10
4439.06	6.164e-10
4441.06	6.1048e-10
4443.06	6.1454e-10
4445.06	6.0606e-10
4447.06	6.2276e-10
4449.09	5.9884e-10
4451.09	6.0604e-10
4453.09	6.0411e-10
4455.11	6.2123e-10
4457.11	5.9122e-10
4459.14	5.9548e-10
4461.14	5.9291e-10
4463.17	5.8698e-10
4465.17	6.1163e-10
4467.17	6.1576e-10
4469.17	5.8711e-10
4471.19	5.9584e-10
4473.2	6.083e-10
4475.22	6.0336e-10
4477.22	6.1018e-10
4479.25	5.8674e-10
4481.25	6.1615e-10
4483.25	5.9471e-10
4485.25	5.8222e-10
4487.23	5.8586e-10
4489.25	5.9236e-10
4491.28	5.811e-10
4493.28	6.005e-10
4495.28	6.0783e-10
4497.28	5.882e-10
4499.31	5.7981e-10
4501.33	5.8447e-10
4503.33	5.7094e-10
4505.36	6.0302e-10
4507.34	5.9656e-10
4509.36	5.941e-10
4511.36	5.813e-10
4513.39	5.8088e-10
4515.41	5.9264e-10
4517.42	5.8237e-10
4519.42	5.9687e-10
4521.44	5.7698e-10
4523.44	5.9126e-10
4525.44	5.7563e-10
4527.44	5.7356e-10
4529.42	5.7684e-10
4531.44	6.0137e-10
4533.47	5.6125e-10
4535.47	5.7163e-10
4537.5	5.8014e-10
4539.52	5.8641e-10
4541.52	5.8138e-10
4543.52	5.6542e-10
4545.52	5.6279e-10
4547.52	5.7759e-10
4549.52	5.5967e-10
4551.55	5.6242e-10
4553.55	5.6987e-10
4555.56	5.9247e-10
4557.58	5.7954e-10
4559.59	5.7614e-10
4561.62	5.8908e-10
4563.62	5.7617e-10
4565.62	5.642e-10
4567.66	5.7552e-10
4569.66	5.6532e-10
4571.66	5.5617e-10
4573.66	5.6328e-10
4575.66	5.6416e-10
4577.69	5.7545e-10
4579.69	5.6474e-10
4581.7	5.585e-10
4583.7	5.6084e-10
4585.7	5.5768e-10
4587.7	5.7201e-10
4589.7	5.585e-10
4591.7	5.555e-10
4593.7	5.6878e-10
4595.73	5.7558e-10
4597.73	5.66e-10
4599.73	5.6462e-10
4601.73	5.5745e-10
4603.75	5.554e-10
4605.78	5.5305e-10
4607.81	5.6523e-10
4609.8	5.529e-10
4611.81	5.4562e-10
4613.81	5.528e-10
4615.81	5.464e-10
4617.8	5.5912e-10
4619.83	5.4922e-10
4621.84	5.7532e-10
4623.86	5.5593e-10
4625.89	5.5502e-10
4627.89	5.5891e-10
4629.89	5.6433e-10
4631.89	5.4216e-10
4633.89	5.5221e-10
4635.89	5.4765e-10
4637.89	5.5064e-10
4639.89	5.6439e-10
4641.89	5.5178e-10
4643.89	5.3234e-10
4645.89	5.4542e-10
4647.89	5.3659e-10
4649.88	5.4525e-10
4651.89	5.5385e-10
4653.92	5.4423e-10
4655.92	5.3975e-10
4657.95	5.3573e-10
4659.95	5.4792e-10
4661.98	5.4192e-10
4664	5.2636e-10
4666	5.3306e-10
4668	5.2997e-10
4670.02	5.3641e-10
4672.03	5.39e-10
4674.03	5.6075e-10
4676.05	5.2961e-10
4678.06	5.3417e-10
4680.06	5.3969e-10
4682.08	5.1824e-10
4684.08	5.5204e-10
4686.08	5.5247e-10
4688.08	5.1739e-10
4690.09	5.2924e-10
4692.11	5.2405e-10
4694.14	5.3673e-10
4696.16	5.379e-10
4698.16	5.1452e-10
4700.16	5.2798e-10
4702.16	5.2361e-10
4704.16	5.2986e-10
4706.16	5.2447e-10
4708.16	5.2079e-10
4710.16	5.2241e-10
4712.16	5.2211e-10
4714.16	5.46e-10
4716.16	5.2575e-10
4718.16	5.259e-10
4720.16	5.0792e-10
4722.14	5.2538e-10
4724.16	5.1584e-10
4726.16	5.356e-10
4728.16	5.3137e-10
4730.16	5.1606e-10
4732.19	5.2402e-10
4734.19	5.2951e-10
4736.17	5.1141e-10
4738.19	5.1875e-10
4740.19	5.2644e-10
4742.22	5.11e-10
4744.23	5.0915e-10
4746.25	5.3625e-10
4748.27	5.1046e-10
4750.27	5.3266e-10
4752.27	5.1611e-10
4754.3	5.0044e-10
4756.3	5.0923e-10
4758.3	5.1419e-10
4760.31	5.2405e-10
4762.34	5.1446e-10
4764.34	5.0214e-10
4766.39	5.0244e-10
4768.41	5.2423e-10
4770.41	5.1351e-10
4772.41	4.991e-10
4774.42	5.16e-10
4776.44	5.1112e-10
4778.45	5.0823e-10
4780.48	4.9852e-10
4782.52	5.1064e-10
4784.55	4.9959e-10
4786.56	4.9643e-10
4788.59	5.069e-10
4790.62	5.089e-10
4792.66	4.958e-10
4794.67	5.126e-10
4796.67	5.0576e-10
4798.67	4.898e-10
4800.66	5.0167e-10
4802.69	5.1024e-10
4804.7	4.9803e-10
4806.7	4.9056e-10
4808.7	5.0725e-10
4810.72	5.1026e-10
4812.73	5.0713e-10
4814.73	5.0414e-10
4816.73	4.884e-10
4818.77	4.8649e-10
4820.78	4.8957e-10
4822.78	4.9843e-10
4824.75	4.8975e-10
4826.78	4.7652e-10
4828.78	5.0831e-10
4830.8	4.7854e-10
4832.81	4.8673e-10
4834.84	4.9923e-10
4836.86	4.9258e-10
4838.88	4.9738e-10
4840.88	4.7929e-10
4842.89	5.0175e-10
4844.89	4.8773e-10
4846.88	4.887e-10
4848.91	4.8856e-10
4850.92	4.8725e-10
4852.94	5.0543e-10
4854.97	4.9619e-10
4856.97	4.9383e-10
4858.98	4.8318e-10
4861	4.8218e-10
4863.02	4.8423e-10
4865.03	4.8087e-10
4867.05	4.8132e-10
4869.06	4.7718e-10
4871.08	4.8648e-10
4873.08	4.7562e-10
4875.11	4.8697e-10
4877.11	4.8227e-10
4879.11	4.8605e-10
4881.12	4.8055e-10
4883.14	4.7873e-10
4885.14	4.8366e-10
4887.16	4.6916e-10
4889.17	4.9019e-10
4891.16	4.8807e-10
4893.19	4.9157e-10
4895.19	4.7419e-10
4897.19	4.7512e-10
4899.19	4.7818e-10
4901.19	4.7826e-10
4903.19	4.7718e-10
4905.19	4.7359e-10
4907.19	4.6571e-10
4909.22	4.9093e-10
4911.22	4.8376e-10
4913.23	4.6948e-10
4915.25	4.6639e-10
4917.27	4.8752e-10
4919.27	4.7232e-10
4921.28	4.7898e-10
4923.3	4.7504e-10
4925.3	4.78e-10
4927.3	4.8519e-10
4929.33	4.6301e-10
4931.34	4.6935e-10
4933.38	4.736e-10
4935.38	4.6325e-10
4937.38	4.7412e-10
4939.41	4.685e-10
4941.41	4.8465e-10
4943.41	4.6986e-10
4945.41	4.6662e-10
4947.41	4.5973e-10
4949.42	4.638e-10
4951.44	4.7083e-10
4953.45	4.61e-10
4955.45	4.5331e-10
4957.45	4.6189e-10
4959.41	4.671e-10
4961.45	4.5046e-10
4963.45	4.6144e-10
4965.45	4.5869e-10
4967.45	4.5275e-10
4969.45	4.6183e-10
4971.45	4.6413e-10
4973.45	4.5568e-10
4975.45	4.5093e-10
4977.45	4.5174e-10
4979.44	4.6277e-10
4981.44	4.4793e-10
4983.45	4.444e-10
4985.45	4.4274e-10
4987.48	4.6298e-10
4989.5	4.5805e-10
4991.52	4.5351e-10
4993.55	4.518e-10
4995.55	4.6615e-10
4997.56	4.6403e-10
4999.56	4.5103e-10
5001.59	4.774e-10
5003.59	4.4726e-10
5005.61	4.3909e-10
5007.62	4.5664e-10
5009.64	4.4265e-10
5011.64	4.5909e-10
5013.64	4.5146e-10
5015.64	4.3419e-10
5017.67	4.37e-10
5019.7	4.5643e-10
5021.7	4.5457e-10
5023.72	4.5518e-10
5025.72	4.5774e-10
5027.72	4.3908e-10
5029.72	4.5526e-10
5031.72	4.4255e-10
5033.72	4.5032e-10
5035.72	4.5275e-10
5037.7	4.5448e-10
5039.75	4.4112e-10
5041.75	4.5007e-10
5043.75	4.3875e-10
5045.75	4.4571e-10
5047.75	4.3869e-10
5049.75	4.3304e-10
5051.75	4.4045e-10
5053.75	4.3971e-10
5055.75	4.3248e-10
5057.75	4.428e-10
5059.75	4.5039e-10
5061.77	4.5012e-10
5063.77	4.3469e-10
5065.78	4.3424e-10
5067.78	4.5632e-10
5069.78	4.3856e-10
5071.81	4.3796e-10
5073.83	4.4516e-10
5075.83	4.2953e-10
5077.81	4.2683e-10
5079.83	4.327e-10
5081.83	4.2755e-10
5083.83	4.4003e-10
5085.83	4.417e-10
5087.83	4.3279e-10
5089.83	4.2965e-10
5091.81	4.368e-10
5093.84	4.3712e-10
5095.86	4.2878e-10
5097.86	4.44e-10
5099.86	4.2541e-10
5101.89	4.3842e-10
5103.91	4.1701e-10
5105.91	4.3653e-10
5107.94	4.3801e-10
5109.94	4.2928e-10
5111.94	4.1796e-10
5113.94	4.3361e-10
5115.97	4.3785e-10
5117.97	4.1816e-10
5119.97	4.2758e-10
5122.02	4.2688e-10
5124.02	4.3499e-10
5126	4.4112e-10
5128.02	4.367e-10
5130.02	4.2722e-10
5132.02	4.1314e-10
5134.02	4.1347e-10
5136.05	4.1873e-10
5138.05	4.1464e-10
5140.08	4.2246e-10
5142.08	4.3892e-10
5144.09	4.255e-10
5146.09	4.3097e-10
5148.09	4.3882e-10
5150.09	4.3058e-10
5152.09	4.2906e-10
5154.09	4.3488e-10
5156.09	4.2352e-10
5158.11	4.2783e-10
5160.14	4.299e-10
5162.16	4.2447e-10
5164.14	4.2474e-10
5166.17	4.2168e-10
5168.2	4.1527e-10
5170.2	4.1395e-10
5172.2	4.1849e-10
5174.2	4.0151e-10
5176.2	4.1509e-10
5178.2	4.2449e-10
5180.2	4.1522e-10
5182.2	4.1695e-10
5184.2	4.1359e-10
5186.22	4.3104e-10
5188.23	4.3447e-10
5190.25	4.2246e-10
5192.27	4.1694e-10
5194.3	4.1661e-10
5196.31	4.2749e-10
5198.31	4.2108e-10
5200.31	4.2507e-10
5202.34	4.2045e-10
5204.34	4.1708e-10
5206.36	4.1415e-10
5208.39	4.2022e-10
5210.39	4.0552e-10
5212.39	3.974e-10
5214.38	4.0784e-10
5216.39	3.9981e-10
5218.39	4.1532e-10
5220.39	4.0023e-10
5222.39	4.0944e-10
5224.42	4.2761e-10
5226.42	4.0894e-10
5228.42	4.005e-10
5230.42	4.2177e-10
5232.45	4.1769e-10
5234.45	4.1991e-10
5236.45	4.0485e-10
5238.47	4.0678e-10
5240.47	4.1514e-10
5242.47	4.0637e-10
5244.47	3.937e-10
5246.47	4.0986e-10
5248.47	4.1443e-10
5250.44	4.0707e-10
5252.48	4.0596e-10
5254.5	3.9999e-10
5256.5	4.0552e-10
5258.5	4.0177e-10
5260.52	3.9501e-10
5262.53	4.1887e-10
5264.53	4.206e-10
5266.56	4.1271e-10
5268.58	4.0239e-10
5270.58	4.111e-10
5272.58	3.9914e-10
5274.61	3.9852e-10
5276.62	4.0795e-10
5278.64	3.9777e-10
5280.66	4.061e-10
5282.66	4.0241e-10
5284.66	4.0803e-10
5286.66	4.0044e-10
5288.66	3.9102e-10
5290.64	3.9601e-10
5292.66	3.9324e-10
5294.66	4.0159e-10
5296.66	4.0038e-10
5298.66	4.0358e-10
5300.66	3.8215e-10
5302.69	3.9648e-10
5304.72	4.0258e-10
5306.72	3.8794e-10
5308.73	3.9685e-10
5310.75	3.7635e-10
5312.77	3.9822e-10
5314.77	4.006e-10
5316.77	3.93e-10
5318.77	4.1664e-10
5320.77	3.9604e-10
5322.77	3.8642e-10
5324.78	3.7596e-10
5326.8	3.9999e-10
5328.8	3.9486e-10
5330.78	3.9066e-10
5332.81	3.8883e-10
5334.83	3.7983e-10
5336.83	3.8935e-10
5338.83	3.8878e-10
5340.83	3.9218e-10
5342.84	3.9284e-10
5344.86	3.9475e-10
5346.88	3.9939e-10
5348.89	3.9659e-10
5350.91	3.9885e-10
5352.91	3.8802e-10
5354.94	3.9706e-10
5356.94	4.004e-10
5358.94	3.7761e-10
5360.97	3.8793e-10
5362.97	3.9503e-10
5364.97	3.9589e-10
5366.98	3.9424e-10
5368.98	3.89e-10
5370.98	3.8389e-10
5372.98	3.8482e-10
5374.98	3.7965e-10
5376.98	3.893e-10
5378.98	3.83e-10
5380.98	3.8061e-10
5382.98	3.8846e-10
5384.98	3.8676e-10
5386.98	3.7782e-10
5388.98	3.8917e-10
5391	3.7862e-10
5393.02	3.7273e-10
5395.03	3.9797e-10
5397.05	3.741e-10
5399.05	3.7781e-10
5401.06	3.901e-10
5403.06	3.7827e-10
5405.06	3.9179e-10
5407.06	3.8221e-10
5409.06	3.6821e-10
5411.05	3.8732e-10
5413.08	3.7104e-10
5415.06	3.7374e-10
5417.09	3.8961e-10
5419.11	3.6932e-10
5421.12	3.8479e-10
5423.14	3.7725e-10
5425.14	3.7241e-10
5427.17	3.7221e-10
5429.22	3.7041e-10
5431.23	3.8361e-10
5433.25	3.7524e-10
5435.27	3.6383e-10
5437.27	3.8751e-10
5439.28	3.837e-10
5441.28	3.6486e-10
5443.28	3.7729e-10
5445.28	3.6645e-10
5447.28	3.7125e-10
5449.28	3.7633e-10
5451.28	3.7825e-10
5453.28	3.8168e-10
5455.28	3.7665e-10
5457.31	3.6931e-10
5459.31	3.756e-10
5461.31	3.7687e-10
5463.31	3.7288e-10
5465.31	3.7402e-10
5467.31	3.7671e-10
5469.31	3.6728e-10
5471.31	3.7735e-10
5473.31	3.7231e-10
5475.31	3.7695e-10
5477.31	3.6329e-10
5479.34	3.6473e-10
5481.36	3.8095e-10
5483.38	3.6885e-10
5485.38	3.7605e-10
5487.39	3.5573e-10
5489.39	3.6731e-10
5491.38	3.682e-10
5493.41	3.6483e-10
5495.42	3.6939e-10
5497.45	3.6317e-10
5499.47	3.6903e-10
5501.47	3.7194e-10
5503.48	3.5938e-10
5505.5	3.6186e-10
5507.52	3.6966e-10
5509.53	3.6838e-10
5511.53	3.5181e-10
5513.53	3.6117e-10
5515.55	3.7356e-10
5517.56	3.5681e-10
5519.58	3.6124e-10
5521.58	3.6162e-10
5523.58	3.5937e-10
5525.58	3.7438e-10
5527.61	3.5888e-10
5529.61	3.5717e-10
5531.61	3.6728e-10
5533.61	3.5358e-10
5535.61	3.529e-10
5537.61	3.615e-10
5539.61	3.6925e-10
5541.61	3.6369e-10
5543.64	3.5686e-10
5545.62	3.6135e-10
5547.64	3.6756e-10
5549.66	3.6305e-10
5551.66	3.6159e-10
5553.66	3.6403e-10
5555.66	3.5746e-10
5557.66	3.5511e-10
5559.67	3.502e-10
5561.69	3.5884e-10
5563.69	3.4475e-10
5565.69	3.4775e-10
5567.7	3.7396e-10
5569.72	3.6395e-10
5571.72	3.6381e-10
5573.72	3.6115e-10
5575.72	3.4585e-10
5577.73	3.4749e-10
5579.75	3.4521e-10
5581.77	3.6954e-10
5583.77	3.5597e-10
5585.77	3.5393e-10
5587.77	3.6755e-10
5589.8	3.5271e-10
5591.8	3.524e-10
5593.8	3.4986e-10
5595.8	3.4768e-10
5597.83	3.4714e-10
5599.84	3.5045e-10
5601.84	3.7077e-10
5603.86	3.5173e-10
5605.89	3.3964e-10
5607.91	3.5255e-10
5609.91	3.4504e-10
5611.91	3.5535e-10
5613.92	3.4535e-10
5615.94	3.4684e-10
5617.92	3.461e-10
5619.95	3.4917e-10
5621.98	3.4495e-10
5624.02	3.5122e-10
5626.03	3.4817e-10
5628.06	3.4028e-10
5630.06	3.4374e-10
5632.06	3.4812e-10
5634.08	3.459e-10
5636.09	3.5066e-10
5638.09	3.4089e-10
5640.12	3.4726e-10
5642.16	3.5386e-10
5644.16	3.524e-10
5646.19	3.4611e-10
5648.2	3.5033e-10
5650.2	3.5164e-10
5652.23	3.5177e-10
5654.23	3.3948e-10
5656.25	3.3472e-10
5658.27	3.4059e-10
5660.28	3.4987e-10
5662.28	3.448e-10
5664.28	3.5072e-10
5666.28	3.4772e-10
5668.28	3.5029e-10
5670.28	3.4396e-10
5672.28	3.4287e-10
5674.3	3.432e-10
5676.3	3.4931e-10
5678.33	3.3329e-10
5680.34	3.3651e-10
5682.34	3.4078e-10
5684.34	3.4541e-10
5686.36	3.4408e-10
5688.38	3.5198e-10
5690.39	3.3749e-10
5692.39	3.398e-10
5694.39	3.424e-10
5696.39	3.5161e-10
5698.39	3.3535e-10
5700.39	3.5572e-10
5702.39	3.4807e-10
5704.39	3.4036e-10
5706.39	3.4458e-10
5708.39	3.3278e-10
5710.39	3.458e-10
5712.39	3.3096e-10
5714.39	3.3256e-10
5716.39	3.3813e-10
5718.42	3.3879e-10
5720.42	3.3203e-10
5722.44	3.3352e-10
5724.45	3.3335e-10
5726.47	3.3875e-10
5728.47	3.3277e-10
5730.47	3.6192e-10
5732.47	3.404e-10
5734.45	3.3112e-10
5736.47	3.4901e-10
5738.5	3.4853e-10
5740.48	3.1782e-10
5742.5	3.3144e-10
5744.5	3.3021e-10
5746.53	3.5007e-10
5748.53	3.3595e-10
5750.55	3.3829e-10
5752.55	3.3031e-10
5754.55	3.3437e-10
5756.55	3.3232e-10
5758.55	3.29e-10
5760.55	3.4528e-10
5762.55	3.3086e-10
5764.55	3.3927e-10
5766.55	3.3456e-10
5768.55	3.348e-10
5770.55	3.3408e-10
5772.55	3.3938e-10
5774.55	3.2541e-10
5776.58	3.4028e-10
5778.58	3.27e-10
5780.58	3.2097e-10
5782.58	3.352e-10
5784.58	3.3391e-10
5786.58	3.2103e-10
5788.61	3.2369e-10
5790.61	3.3663e-10
5792.62	3.1977e-10
5794.62	3.3705e-10
5796.62	3.3506e-10
5798.62	3.2499e-10
5800.62	3.367e-10
5802.62	3.2837e-10
5804.64	3.3173e-10
5806.66	3.3536e-10
5808.67	3.2957e-10
5810.7	3.3548e-10
5812.73	3.3691e-10
5814.73	3.2021e-10
5816.73	3.1383e-10
5818.77	3.1833e-10
5820.77	3.3059e-10
5822.77	3.2983e-10
5824.75	3.1586e-10
5826.77	3.1674e-10
5828.77	3.1762e-10
5830.8	3.2422e-10
5832.81	3.4311e-10
5834.81	3.2856e-10
5836.81	3.3544e-10
5838.81	3.1709e-10
5840.81	3.2341e-10
5842.81	3.2689e-10
5844.81	3.2434e-10
5846.81	3.1944e-10
5848.81	3.3105e-10
5850.81	3.2996e-10
5852.83	3.2582e-10
5854.84	3.1187e-10
5856.88	3.1881e-10
5858.89	3.2359e-10
5860.91	3.3012e-10
5862.91	3.2653e-10
5864.94	3.3109e-10
5866.95	3.2676e-10
5868.95	3.3393e-10
5870.95	3.2669e-10
5872.98	3.1909e-10
5874.98	3.2212e-10
5876.98	3.424e-10
5878.98	3.3044e-10
5881	3.2368e-10
5883	3.2219e-10
5885	3.2331e-10
5887	3.2258e-10
5889	3.234e-10
5891.02	3.2251e-10
5893.03	3.1791e-10
5895.03	3.1586e-10
5897.06	3.3244e-10
5899.09	3.3053e-10
5901.11	3.1248e-10
5903.11	3.109e-10
5905.11	3.1228e-10
5907.11	3.2925e-10
5909.11	3.3212e-10
5911.11	3.2375e-10
5913.11	3.2049e-10
5915.11	3.1023e-10
5917.11	3.3244e-10
5919.11	3.1909e-10
5921.14	3.2486e-10
5923.14	3.2419e-10
5925.16	3.1882e-10
5927.17	3.1166e-10
5929.17	3.1153e-10
5931.17	3.1023e-10
5933.19	3.1777e-10
5935.2	3.1181e-10
5937.22	3.1132e-10
5939.23	3.1177e-10
5941.27	3.2393e-10
5943.27	3.2235e-10
5945.28	3.1843e-10
5947.28	3.2038e-10
5949.3	3.2056e-10
5951.3	3.1952e-10
5953.3	3.3145e-10
5955.3	3.1924e-10
5957.31	3.0682e-10
5959.33	3.0789e-10
5961.33	3.0306e-10
5963.33	3.1016e-10
5965.34	3.0717e-10
5967.36	3.1684e-10
5969.36	3.1468e-10
5971.39	3.1475e-10
5973.41	3.1468e-10
5975.41	3.1887e-10
5977.42	3.2036e-10
5979.44	3.1299e-10
5981.44	3.1706e-10
5983.45	3.1208e-10
5985.45	3.1589e-10
5987.48	3.0453e-10
5989.48	3.1738e-10
5991.48	3.1395e-10
5993.52	3.0891e-10
5995.52	3.0457e-10
5997.53	3.216e-10
5999.53	3.1001e-10
6001.55	3.0895e-10
6003.55	3.0787e-10
6005.58	3.1944e-10
6007.58	3.0688e-10
6009.59	3.1318e-10
6011.59	3.0717e-10
6013.62	3.1148e-10
6015.61	3.0285e-10
6017.62	3.0471e-10
6019.64	3.2458e-10
6021.66	3.1491e-10
6023.66	3.1474e-10
6025.69	3.0421e-10
6027.7	3.0681e-10
6029.73	3.1491e-10
6031.73	3.0917e-10
6033.75	3.1384e-10
6035.77	3.1916e-10
6037.78	3.102e-10
6039.78	3.0956e-10
6041.8	3.1307e-10
6043.81	3.0265e-10
6045.81	2.9959e-10
6047.81	3.0272e-10
6049.81	3.0842e-10
6051.84	3.0308e-10
6053.88	3.0873e-10
6055.89	3.1225e-10
6057.92	3.0542e-10
6059.92	3.0568e-10
6061.92	3.0576e-10
6063.92	3.0189e-10
6065.92	3.0462e-10
6067.97	2.9953e-10
6069.98	3.0252e-10
6071.98	3.098e-10
6074.02	3.0694e-10
6076.03	3.0764e-10
6078.03	3.021e-10
6080.03	2.9644e-10
6082.05	2.9925e-10
6084.06	3.0677e-10
6086.06	3.1077e-10
6088.08	3.0115e-10
6090.09	3.0093e-10
6092.11	3.0247e-10
6094.11	3.0313e-10
6096.11	3.0446e-10
6098.11	3.0899e-10
6100.11	2.9505e-10
